URL,ID,title,atrributes:Model,atrributes:all_values

https://www.unitedrentals.com/marketplace/equipment/aerial-work-platforms/scissor-lifts/scissor-lift-24-ft-26-ft-electric-powered,300-2515,"Scissor Lift, 24 ft.-26 ft., Electric Powered",{'Model Number': '2632ES'},"{'Manufacturer': 'JLG', 'Platform Height': '25\'6""', 'Stowed Height': '92""', 'Overall Dimensions': '91"" x 32""', 'Platform Size': '91"" x 30""', 'Platform Extension': '36""', 'Lift Capacity': '500/800 lbs.', 'Extension Capacity': '250 lbs.', 'Lift Speed': '33/37 sec.', 'Gradeability': '25%', 'Power': '24V', 'Weight': '4635 lbs.'}"
https://www.unitedrentals.com/marketplace/equipment/aerial-work-platforms/scissor-lifts/scissor-lift-24-ft-26-ft-electric-powered-wide,300-2525,"Scissor Lift, 24 ft.-26 ft., Electric Powered, Wide",{'Model Number': 'GS-2646'},"{'Manufacturer': 'Genie', 'Platform Height': ""26'"", 'Stowed Height': '89""', 'Overall Dimensions': '96"" x 46""', 'Platform Size': '95"" x 46""', 'Platform Extension': '36""', 'Lift Capacity': '1,000 lbs.', 'Extension Capacity': '250 lbs.', 'Lift Speed': '30/30 sec.', 'Gradeability': '30%', 'Power': '24V', 'Weight': '4,312 lbs.'}"
https://www.unitedrentals.com/marketplace/equipment/aerial-work-platforms/scissor-lifts/scissor-lift-25-ft-27-ft-4wd-gas-or-diesel-power-available,300-2551,"Scissor Lift, 25 ft.-27 ft., 4WD, Gas or Diesel Power Available",{'Model Number': 'SJ6826RT'},"{'Manufacturer': 'Skyjack', 'Platform Height': ""26'"", 'Stowed Height': '93.5""', 'Overall Dimensions': '107"" x 69\'5""', 'Platform Size': '96"" x 56""', 'Platform Extension': '60""', 'Lift Capacity': '1,250 lbs.', 'Extension Capacity': '300 lbs.', 'Lift Speed': '36/36 sec.', 'Travel Speed': '3.8 mph', '4WD Gradeability': '50%', 'Power': 'Gas/LP or diesel', 'Weight': '6,400 lbs.'}"
https://www.unitedrentals.com/marketplace/equipment/aerial-work-platforms/scissor-lifts/scissor-lift-30-ft-33-ft-electric-powered,300-2995,"Scissor Lift, 30 ft.-33 ft., Electric Powered",{'Model Number': 'GS-3232'},"{'Manufacturer': 'Genie', 'Platform Height': ""32'"", 'Stowed Height': '96""', 'Overall Dimensions': '96"" x 32""', 'Platform Size': '89"" x 32""', 'Platform Extension': '36""', 'Lift Capacity': '500 lbs.', 'Extension Capacity': '250 lbs.', 'Lift Speed': '57/40 sec.', 'Gradeability': '25%', 'Power': '24V', 'Weight': '5,185 lbs.'}"
https://www.unitedrentals.com/marketplace/equipment/aerial-work-platforms/scissor-lifts/scissor-lift-30-ft-35-ft-electric-powered,300-2999,"Scissor Lift, 30 ft.-35 ft., Electric Powered",{'Model Number': '3246ES'},"{'Manufacturer': 'JLG', 'Platform Height': '31\' 9""', 'Stowed Height': '92.8""', 'Overall Dimensions': '98.5"" x 46""', 'Platform Size': '98.5"" x 44""', 'Platform Extension': '50""', 'Lift Capacity': '1,000 lbs.', 'Extension Capacity': '250 lbs.', 'Lift Speed': '55/62 sec.', 'Gradeability': '25%', 'Power': '24V', 'Weight': '4,975 lbs.'}"
https://www.unitedrentals.com/marketplace/equipment/aerial-work-platforms/scissor-lifts/scissor-lift-39-ft-40-ft-electric-powered,300-4000,"Scissor Lift, 39 ft.-40 ft., Electric Powered",{'Model Number': 'GS-4069DC'},"{'Manufacturer': 'Genie', 'Platform Height': ""40'"", 'Stowed Height': '108""', 'Overall Dimensions': '123"" x 69""', 'Platform Size': '110"" x 63""', 'Platform Extension': '60""', 'Lift Capacity': '800 lbs.', 'Extension Capacity': '300 lbs.', 'Lift Speed': '61/28 sec.', 'Gradeability': '35%', 'Power': '48V', 'Weight': '10,856 lbs.'}"
https://www.unitedrentals.com/marketplace/equipment/aerial-work-platforms/scissor-lifts/scissor-lift-39-ft-40-ft-electric-powered-wide,300-4047,"Scissor Lift, 39 ft.-40 ft., Electric Powered, Wide",{'Model Number': 'GS-4047'},"{'Manufacturer': 'Genie', 'Platform Height': ""39'"", 'Stowed Height': '100""', 'Overall Dimensions': '96"" x 47""', 'Platform Size': '89"" x 45.3""', 'Platform Extension': '36""', 'Lift Capacity': '550 lbs.', 'Extension Capacity': '250 lbs.', 'Lift Speed': '71/41 sec.', 'Gradeability': '25%', 'Power': '24V', 'Weight': '7,185 lbs.'}"
https://www.unitedrentals.com/marketplace/equipment/aerial-work-platforms/boom-lifts/telescopic-boom-lift-40-ft-42-ft-4wd,310-4026,"Telescopic Boom Lift, 40 ft.-42 ft., 4WD",{'Model Number': '400S'},"{'Manufacturer': 'JLG', 'Platform Height': ""40'"", 'Horizontal Outreach': '33\' 3""', 'Platform Size': '96"" x 36""', 'Lift Capacity': '600/1,000 lbs.', '4WD Gradeability': '45%', 'Width': '91""', 'Power': 'Gas/LP or Diesel', 'Weight': '13,640 lbs.'}"
https://www.unitedrentals.com/marketplace/equipment/aerial-work-platforms/boom-lifts/telescopic-boom-lift-45-ft-47-ft-4wd,310-4003,"Telescopic Boom Lift, 45 ft.-47 ft., 4WD",{'Model Number': '460SJ'},"{'Manufacturer': 'JLG', 'Platform Height': ""46'"", 'Horizontal Outreach': ""39'"", 'Platform Size': '96"" x 36""', 'Lift Capacity': '600 lbs.', '4WD Gradeability': '45%', 'Width': '91""', 'Power': 'Gas/LP or Diesel', 'Weight': '16,600 lbs.'}"
https://www.unitedrentals.com/marketplace/equipment/aerial-work-platforms/boom-lifts/telescopic-boom-lift-60-ft-4wd,310-6026,"Telescopic Boom Lift, 60 ft., 4WD",{'Model Number': '600S'},"{'Manufacturer': 'JLG', 'Platform Height': '59\' 8""', 'Horizontal Outreach': '50\' 2""', 'Platform Size': '96"" x 36""', 'Lift Capacity': '600/1,000 lbs.', '4WD Gradeability': '45%', 'Width': '98""', 'Power': 'Gas/LP or Diesel', 'Weight': '21,461 lbs.'}"
https://www.unitedrentals.com/marketplace/equipment/aerial-work-platforms/boom-lifts/telescopic-boom-lift-65-ft-66-ft-4wd,310-6526,"Telescopic Boom Lift, 65 ft.-66 ft., 4WD",{'Model Number': '660SJ'},"{'Manufacturer': 'JLG', 'Platform Height': '65\' 8""', 'Horizontal Outreach': '57\' 1""', 'Platform Size': '96"" x 36""', 'Lift Capacity': '550/750 lbs.', '4WD Gradeability': '45%', 'Width': '98""', 'Power': 'Gas/LP or Diesel', 'Weight': '26,275 lbs.'}"
https://www.unitedrentals.com/marketplace/equipment/aerial-work-platforms/boom-lifts/telescopic-boom-lift-80-ft-4wd,310-8026,"Telescopic Boom Lift, 80 ft., 4WD",{'Model Number': '860SJ'},"{'Manufacturer': 'JLG', 'Platform Height': ""80'"", 'Horizontal Outreach': ""71'"", 'Platform Size': '96"" x 36""', 'Lift Capacity': '500/1,000 lbs.', '4WD Gradeability': '45%', 'Width': '98""', 'Power': 'Gas/LP or Diesel', 'Weight': '33,030 lbs.'}"
https://www.unitedrentals.com/marketplace/equipment/aerial-work-platforms/boom-lifts/telescopic-boom-lift-85-ft-86-ft-4wd,310-8526,"Telescopic Boom Lift, 85 ft.-86 ft., 4WD",{'Model Number': '860SJ'},"{'Manufacturer': 'JLG', 'Platform Height': ""86'"", 'Horizontal Outreach': ""75'"", 'Platform Size': '96"" x 36""', 'Lift Capacity': '500/750 lbs.', '4WD Gradeability': '45%', 'Width': '98""', 'Power': 'Gas/LP or Diesel', 'Weight': '36,230 lbs.'}"
https://www.unitedrentals.com/marketplace/equipment/aerial-work-platforms/boom-lifts/towable-boom-lift-30-ft-36-ft-electric-or-gas-powered-available,310-3080,"Towable Boom Lift, 30 ft.-36 ft., Electric or Gas Powered Available",{'Model Number': 'TZ-34/20 DC'},"{'Manufacturer': 'JLG', 'Platform Height': ""34'"", 'Horizontal Outreach': '18\' 4""', 'Up & Over Height': '16\' 1""', 'Lift Capacity': '500 lbs.', 'w/optional Rotator': '460 lbs.', 'Platform Size': '44"" x 26.8""', 'Stowed Height': '6\' 4.5""', 'Width': '4\' 9.1""', 'Outrigger Width': '11\' 9.4""', 'Power': '24V DC', 'Weight': '3,155 lbs.'}"
https://www.unitedrentals.com/marketplace/equipment/aerial-work-platforms/scissor-lifts/vertical-mast-lift-12-ft-electric-powered,300-1512,"Vertical Mast Lift, 12 ft., Electric Powered",{'Model Number': 'GR-12'},"{'Manufacturer': 'Genie', 'Platform Height': '11\'4""', 'Stowed Height': '62""', 'Platform Size': '35"" x 29.5""', 'Lift Capacity': '500 lbs.', 'Gradeability': '30%', 'Power': '24V', 'Weight': '1,581 lbs.'}"
https://www.unitedrentals.com/marketplace/equipment/aerial-work-platforms/scissor-lifts/vertical-mast-lift-15-ft-electric-powered,300-1515,"Vertical Mast Lift, 15 ft., Electric Powered",{'Model Number': 'GR-15'},"{'Manufacturer': 'Genie', 'Platform Height': '14\' 8""', 'Stowed Height': '62""', 'Platform Size': '35"" x 29.5""', 'Lift Capacity': '500 lbs.', 'Gradeability': '30%', 'Power': '24V', 'Weight': '2,192 lbs.'}"
https://www.unitedrentals.com/marketplace/equipment/aerial-work-platforms/scissor-lifts/vertical-mast-lift-20-ft-electric-powered,300-1520,"Vertical Mast Lift, 20 ft., Electric Powered",{'Model Number': '20MVL'},"{'Manufacturer': 'JLG', 'Platform Height': '19\' 1""', 'Stowed Height': '78""', 'Platform Size': '28"" x 26""', 'Lift Capacity': '350 lbs.', 'Gradeability': '20%', 'Power': '24V', 'Weight': '2,395 lbs.'}"
https://www.unitedrentals.com/marketplace/equipment/air-compressors-air-tools/air-compressors/towable-air-compressor-185-cfm-tier-4-diesel-powered,100-3186,"Towable Air Compressor, 185 CFM, Tier 4, Diesel Powered",{'Model Number': 'XAS 185 KD FT4'},"{'Manufacturer': 'Atlas Copco', 'Output': '185 CFM', 'Rated Pressure': '100 psi', 'Pressure Range': '58/125 psi', 'W x L x H': '63"" x 131"" x 61""', 'Weight': '2,330 lbs.', 'Fuel': 'Diesel'}"
https://www.unitedrentals.com/marketplace/equipment/compaction/ride-rollers/ride-double-smooth-drum-vibratory-roller-diesel-powered-15-17-ton-35-48,160-2621,"Ride-on Double Smooth-drum Vibratory Roller, Diesel-powered, 1.5-1.7 Ton, 35-48 in.",{'Model Number': 'BW900-50'},"{'Manufacturer': 'Bomag', 'Operating Weight': '2,639 lbs.', 'Drum Width': '35.4""', 'Gradeability (vib. off/on)': '40/30%', 'SAE Power': '20 hp', 'Vibration Frequency': '3,900 vpm', 'Centrifugal Force': '3,150 lbs.'}"
https://www.unitedrentals.com/marketplace/equipment/compaction/plate-compactors/vibratory-plate-compactor-gas-powered-4500-lbs-impact,150-3100,"Vibratory Plate Compactor, Gas-powered, Up to 4,500 lbs. Impact",{'Model Number': 'MVC82VH'},"{'Manufacturer': 'Multiquip', 'Centrifugal Force': '3,372 lbs.', 'Vibration Frequency': '6,000 vpm', 'Forward Speed': '82 fpm', 'Gradeability': '25 deg.', 'Engine Horsepower': '4.8 hp', 'Operating Weight': '207 lbs.', 'Plate W x L': '19.7"" x 20.7""'}"
https://www.unitedrentals.com/marketplace/equipment/earthmoving-equipment/backhoes/backhoe-loader-14-ft-dig-depth-60-90-hp-4wd,902-1020,"Backhoe Loader, 14 ft. Dig Depth, 60-90 HP, 4WD",{'Model Number': '310L EP'},"{'Manufacturer': 'John Deere', 'Horsepower': '72 p', 'Digging Depth': '14\' 1""', 'Reach From Swing Center': '17\' 9""', 'Backhoe Bucket Digging Force': '10,844 lbs.', 'Backhoe Dump Height': '11\' 1""', 'Backhoe Boom Lift Capacity G.L.': '2,258 lbs.', '24"" Standard Backhoe Bucket Capacity': '6.5 cu. ft.', '82"" Standard Loader Bucket Capacity': '1 cu. yd.', 'Breakout Force': '9,361 lbs.', 'Loader Dump Clearance': ""9'"", 'Loader Dump Reach': '27.7""', 'Operating Weight': '13,822 lbs.'}"
https://www.unitedrentals.com/marketplace/equipment/earthmoving-equipment/backhoes/backhoe-loader-17-ft-dig-depth-4wd,902-1100,"Backhoe Loader, 17 ft. Dig Depth, 4WD",{'Model Number': '310L EP EXT'},"{'Manufacturer': 'John Deere', 'Horsepower': '72 p', 'Digging Depth': '17\' 10""', 'Reach From Swing Center': '21\' 4""', 'Backhoe Bucket Digging Force': '10,844 lbs.', 'Backhoe Dump Height': '13\' 6""', 'Backhoe Boom Lift Capacity G.L.': '1,937 lbs.', '24"" Standard Backhoe Bucket Capacity': '6.5 cu. ft.', '82"" Standard Loader Bucket Capacity': '1 cu. yd.', 'Breakout Force': '9,361 lbs.', 'Loader Dump Clearance': ""9'"", 'Loader Dump Reach': '27.7""', 'Operating Weight': '14,669 lbs.'}"
https://www.unitedrentals.com/marketplace/equipment/earthmoving-equipment/mini-excavators/mini-excavator-15-2-tons,907-0035,"Mini Excavator, 1.5-2 tons",{'Model Number': 'TB216'},"{'Manufacturer': 'Takeuchi', 'Operating Weight': '3,902 lbs.', 'Digging Depth': '7\' 10""', 'Bucket Dig Force': '4,250 lbs.', 'Max Reach G.L.': '13\' 2.9""', 'Max Dump Height': '8\' 10.5""', 'Blade Size': '38.6"" x 51.2""', 'Boom Swing': '80 deg. L / 50- deg. R', 'Tail Swing': '3\' 9.4""', 'Power': '15 hp', 'W x H': '38.6"" x 7\' 5.8""'}"
https://www.unitedrentals.com/marketplace/equipment/earthmoving-equipment/mini-excavators/mini-excavator-3-35-tons,907-0062,"Mini Excavator, 3-3.5 tons",{'Model Number': 'TB230'},"{'Manufacturer': 'Takeuchi', 'Operating Weight': '6,360 lbs.', 'Digging Depth': '9\' 3.6""', 'Bucket Dig Force': '6,471 l', 'Max Reach G.L.': '15\' 5.4""', 'Max Dump Height': '10\' 7.2""', 'Blade Size': '4\' 9.5"" x 14""', 'Boom Swing': '78 deg. L / 58 deg. R', 'Tail Swing': '4\' 11.2""', 'Power': '24.4 hp', 'W x H': '4\' 9.5"" x 8\' 3.9""'}"
https://www.unitedrentals.com/marketplace/equipment/earthmoving-equipment/mini-excavators/mini-excavator-35-5-tons,907-0075,"Mini Excavator, 3.5-5 tons",{'Model Number': 'TB235-2'},"{'Manufacturer': 'Takeuchi', 'Operating Weight': '7,418 lbs.', 'Digging Depth': '10\' 7.8""', 'Bucket Dig Force': '9,127 lbs.', 'Max Reach G.L.': '16\' 10""', 'Max Dump Height': '11\' 9.5""', 'Blade Size': '5\' 2.2"" x 15.6""', 'Boom Swing': '70 deg. L / 55 deg. R', 'Tail Swing': '4\' 4.4""', 'Power': '24.4 hp', 'W x H': '5\' 2.2"" x 8\' 2,8""'}"
https://www.unitedrentals.com/marketplace/equipment/earthmoving-equipment/mini-excavators/mini-excavator-5-6-tons,907-0100,"Mini Excavator, 5-6 tons",{'Model Number': 'TB260'},"{'Manufacturer': 'Takeuchi', 'Operating Weight': '12,125 lbs.', 'Digging Depth': '12\' 9.4""', 'Bucket Dig Force': '12,756 lbs.', 'Max Reach G.L.': '20\' 1.4""', 'Max Dump Height': '13\' 10.1""', 'Blade Size': '6\' 6.7"" x 1\' 5""', 'Boom Swing': '78 deg. L / 58 deg. R', 'Tail Swing': '6\' 5.8""', 'Power': '47.6 hp', 'W X H': '6\' 6.7"" x 8\' 5.4""'}"
https://www.unitedrentals.com/marketplace/equipment/earthmoving-equipment/mini-excavators/mini-excavator-7-9-tons,907-0114,"Mini Excavator, 7-9 tons",{'Model Number': 'TB290'},"{'Manufacturer': 'Takeuchi', 'Operating Weight': '18,630 lbs.', 'Digging Depth': ""15'"", 'Bucket Dig Force': '16,565 lbs.', 'Max Reach G.L.': '23\' 11""', 'Max Dump Height': '17\' 3""', 'Blade Size': '7\' 7"" x 1\' 8""', 'Boom Swing': '70 deg. L / 60 deg. R', 'Tail Swing': '6\' 8""', 'Power': '69,2 hp', 'W X H': '7\' 7"" x 8\' 5""'}"
https://www.unitedrentals.com/marketplace/equipment/earthmoving-equipment/trenchers/ride-trencher-60-32-50-hp,930-1350,"Ride-on Trencher, 60 in., 32-50 HP",{'Model Number': 'RT45'},"{'Manufacturer': 'Ditch Witch', 'Trench Depth Max.': '63""', 'Trench Width': '6 - 12""', 'Backfill Blade': '64""', 'Blade Drop': '8""', 'Power': '48.8 hp', 'Weight': '4,200 lbs.'}"
https://www.unitedrentals.com/marketplace/equipment/earthmoving-equipment/skid-steers-track-loaders/skid-steer-loader-1351-1699-lbs,903-0045,"Skid Steer Loader, 1,351-1,699 lbs.",{'Model Number': 'S510'},"{'Manufacturer': 'Bobcat', 'Engine (Diesel)': '49 hp', 'Rated Operating Capacity (SAE)': '1,650 lbs.', 'Lift Path': 'Radius', 'Tipping Load': '3,300 lbs.', 'Operating Weight': '6,213 lbs.', 'Travel Speed': '7.4 mph'}"
https://www.unitedrentals.com/marketplace/equipment/earthmoving-equipment/skid-steers-track-loaders/skid-steer-loader-1700-1899-lbs,903-0071,"Skid Steer Loader, 1,700-1,899 lbs.",{'Model Number': 'S550'},"{'Manufacturer': 'Bobcat', 'Engine (Diesel)': '61 hp', 'Rated Operating Capacity (SAE)': '1,750 lbs.', 'Lift Path': 'Radius', 'Tipping Load': '3,500 lbs.', 'Operating Weight': '6,213 lbs.', 'Travel Speed': '7.4 mph'}"
https://www.unitedrentals.com/marketplace/equipment/earthmoving-equipment/skid-steers-track-loaders/skid-steer-loader-small-under-851-lbs,903-0015,"Skid Steer Loader, Small, Under 851 lbs.",{'Model Number': 'S70'},"{'Manufacturer': 'Bobcat', 'Engine (Diesel)': '23.5 hp', 'Rated Operating Capacity (SAE)': '700 lbs.', 'Lift Path': 'Radius', 'Tipping Load': '1,512 lbs.', 'Operating Weight': '2,795 lbs.', 'Travel Speed': '6.1 mph'}"
https://www.unitedrentals.com/marketplace/equipment/earthmoving-equipment/skid-steers-track-loaders/track-loader-large-2800-4107-lbs,903-0590,"Track Loader, Large, 2,800-4,107 lbs.",{'Model Number': 'TL12R2'},"{'Manufacturer': 'Takeuchi', 'Engine (Diesel)': '111.3 hp', 'Rated Operating Capacity (SAE)': '2,975 lbs.', 'Lift Path': 'Radius', 'Tipping Load': '8,629 lbs.', 'Operating Weight': '12,300 lbs.', 'Travel Speed': '7.3 mph'}"
https://www.unitedrentals.com/marketplace/equipment/earthmoving-equipment/skid-steers-track-loaders/track-loader-small-1300-1699-lbs,903-0561,"Track Loader, Small, 1,300-1,699 lbs.",{'Model Number': 'T450'},"{'Manufacturer': 'Bobcat', 'Engine (Diesel)': '61.1 hp', 'Rated Operating Capacity (SAE)': '1,400 lbs.', 'Lift Path': 'Radius', 'Tipping Load': '4,000 lbs.', 'Operating Weight': '6,148 lbs.', 'Travel Speed': '7.3 mph'}"
https://www.unitedrentals.com/marketplace/equipment/earthmoving-equipment/skid-steers-track-loaders/track-loader-small-1700-lbs,903-0570,"Track Loader, Small, 1,700 lbs.",{'Model Number': 'T550'},"{'Manufacturer': 'Bobcat', 'Engine (Diesel)': '66 hp', 'Rated Operating Capacity (SAE)': '1,995 lbs.', 'Lift Path': 'Radius', 'Tipping Load': '5,700 lbs.', 'Operating Weight': '7,557 lbs.', 'Travel Speed': '7.3 mph'}"
https://www.unitedrentals.com/marketplace/equipment/earthmoving-equipment/skid-steers-track-loaders/track-loader-small-2000-2399-lbs,903-0580,"Track Loader, Small, 2,000-2,399 lbs.",{'Model Number': 'T590'},"{'Manufacturer': 'Bobcat', 'Engine (Diesel)': '66 hp', 'Rated Operating Capacity (SAE)': '2,100 lbs.', 'Lift Path': 'Vertical', 'Tipping Load': '6,000 lbs.', 'Operating Weight': '7,948 lbs.', 'Travel Speed': '7.3 mph'}"
https://www.unitedrentals.com/marketplace/equipment/earthmoving-equipment/skid-steers-track-loaders/track-loader-small-2400-2999-lbs,903-0585,"Track Loader, Small, 2,400-2,999 lbs.",{'Model Number': 'TL10V2'},"{'Manufacturer': 'Takeuchi', 'Engine (Diesel)': '74.3 hp', 'Rated Operating Capacity (SAE)': '2,522 lbs.', 'Lift Path': 'Vertical', 'Tipping Load': '7,205 lbs.', 'Operating Weight': '9,950 lbs.', 'Travel Speed': '7.0 mph'}"
https://www.unitedrentals.com/marketplace/equipment/earthmoving-equipment/skid-steers-track-loaders/walk-behind-track-loader,903-0522,Walk-Behind Track Loader,{'Model Number': 'MT55'},"{'Manufacturer': 'Bobcat', 'Rated Capacity': '550 lbs.', 'Tip Capacity': '1,610 lbs.', 'Power': '25 hp', 'Hydraulic Capacity': '12 GPM', 'Travel Speed': '3.5 mph', 'Width': '35.6""', 'Dump Height': '48.7""', 'Operating Weight': '2,610 lbs.'}"
https://www.unitedrentals.com/marketplace/equipment/earthmoving-equipment/trenchers/walk-behind-trencher-11-15-hp,930-1101,"Walk-behind Trencher, 11-15 HP",{'Model Number': 'RTX100'},"{'Manufacturer': 'Vermeer', 'Trench Depth Max': '30""', 'Trench Width Max': '6""', 'Power': '13 hp', 'Weight': '910 lbs.', 'Dimensions': '81"" x 35"" x 46""'}"
https://www.unitedrentals.com/marketplace/equipment/earthmoving-equipment/trenchers/walk-behind-trencher-48-18-27-hp,930-1230,"Walk-behind Trencher, 48 in., 18-27 HP",{'Model Number': 'RTX100'},"{'Manufacturer': 'Vermeer', 'Trench Depth Max': '30""', 'Trench Width Max': '6""', 'Power': '13 hp', 'Weight': '910 lbs.', 'Dimensions': '81"" x 35"" x 46""'}"
https://www.unitedrentals.com/marketplace/equipment/forklifts/reach-forklifts/telehandler-reach-forklift-30-ft-39-ft-6000-lbs,233-1160,"Telehandler Reach Forklift, 30 ft.-39 ft., 6,000 lbs.",{'Model Number': '6036'},"{'Manufacturer': 'SkyTrak', 'Max Capacity': '6,000 lbs.', 'Max Lift Height': '36\' 1""', 'Lift Cap Full Height': '6,000 lbs.', 'Max Forward Reach': '22\' 4""', 'Max Forward Lift': '1,800 lbs.', 'Frame Leveling': '10 deg. L/R', 'Engine (Diesel)': '74 hp', 'Outside Turn Radius': '13\' 9""', 'Operating Weight': '21,300 lbs.'}"
https://www.unitedrentals.com/marketplace/equipment/forklifts/reach-forklifts/telehandler-reach-forklift-40-ft-45-ft-9000-lbs,233-1470,"Telehandler Reach Forklift, 40 ft.-45 ft., 9,000 lbs.",{'Model Number': '943'},"{'Manufacturer': 'JLG', 'Max Capacity': '9,000 lbs.', 'Max Lift Height': ""43'"", 'Lift Cap Full Height': '7,000 lbs.', 'Max Forward Reach': '30\' 5""', 'Max Forward Lift': '1,200 lbs.', 'Frame Leveling': '10 deg. L/R', 'Engine (Diesel)': '110 hp', 'Outside Turn Radius': ""12'"", 'Operating Weight': '24,912 lbs.'}"
https://www.unitedrentals.com/marketplace/equipment/forklifts/reach-forklifts/telehandler-reach-forklift-40-ft-49-ft-8000-lbs,233-1370,"Telehandler Reach Forklift, 40 ft.-49 ft., 8,000 lbs.",{'Model Number': 'GTH-844'},"{'Manufacturer': 'Genie', 'Max Capacity': '8,000 lbs.', 'Max Lift Height': '43\' 10""', 'Lift Cap Full Height': '6,000 ', 'Max Forward Reach': '28\' 2""', 'Max Forward Lift': '2,000 lbs.', 'Frame Leveling': '10 deg. L/R', 'Engine (Diesel)': '99 hp', 'Outside Turn Radius': '13\' 9""', 'Operating Weight': '22,600 lbs.'}"
https://www.unitedrentals.com/marketplace/equipment/forklifts/reach-forklifts/telehandler-reach-forklift-42-ft-7000-lbs,233-1250,"Telehandler Reach Forklift, 42 ft., 7,000 lbs.",{'Model Number': '507-42'},"{'Manufacturer': 'JCB', 'Max Capacity': '7,000 lbs.', 'Max Lift Height': ""42'"", 'Lift Cap Full Height': '6,000 lbs.', 'Max Forward Reach': ""28'"", 'Max Forward Lift': '1,600 lbs.', 'Frame Leveling': '10 deg. L/R', 'Engine (Diesel)': '74 hp', 'Outside Turn Radius': '13\' 9""', 'Operating Weight': '21,300 lbs.'}"
https://www.unitedrentals.com/marketplace/equipment/forklifts/reach-forklifts/telehandler-reach-forklift-50-ft-56-ft-12000-lbs,233-1675,"Telehandler Reach Forklift, 50 ft.-56 ft., 12,000 lbs.",{'Model Number': '1255'},"{'Manufacturer': 'JLG', 'Max Capacity': '12,000 lbs.', 'Max Lift Height': ""55'"", 'Lift Cap Full Height': '5,000 lbs.', 'Max Forward Reach': ""42'"", 'Max Forward Lift': '3,500 lbs.', 'Frame Leveling': '10 deg. L/R', 'Engine (Diesel)': '130 hp', 'Outside Turn Radius': ""14'"", 'Operating Weight': '33,960 lbs.'}"
https://www.unitedrentals.com/marketplace/equipment/forklifts/reach-forklifts/telehandler-reach-forklift-15-34-ft-6000-lbs,233-1155,"Telehandler Reach Forklift, 15-34 ft., 6,000 lbs.",{'Model Number': 'RS6-34'},"{'Manufacturer': 'Gehl', 'Max Capacity': '6,000 lbs.', 'Max Lift Height': '34\' 3""', 'Lift Cap Full Height': '4,000 lbs.', 'Max Forward Reach': '23\' 3""', 'Max Forward Lift': '900 lbs.', 'Frame Leveling': '10 deg. L/R', 'Engine (Diesel)': '74 hp', 'Outside Turn Radius': '12\' 6""', 'Operating Weight': '15,100 lbs.'}"
https://www.unitedrentals.com/marketplace/equipment/forklifts/reach-forklifts/telehandler-reach-forklift-40-ft-49-ft-6000-lbs-0,233-1170,"Telehandler Reach Forklift, 40 ft.-49 ft., 6,000 lbs.",{'Model Number': '6042'},"{'Manufacturer': 'SkyTrak', 'Max Capacity': '6,000 lbs.', 'Max Lift Height': '41\' 11""', 'Lift Cap Full Height': '6,000 lbs.', 'Max Forward Reach': '27\' 11""', 'Max Forward Lift': '1,400 lbs.', 'Frame Leveling': '10 deg. L/R', 'Engine (Diesel)': '74 hp', 'Outside Turn Radius': ""14'"", 'Operating Weight': '25,100 lbs.'}"
https://www.unitedrentals.com/marketplace/equipment/forklifts/reach-forklifts/telehandler-reach-forklift-5000-lbs-16-20-ft,233-1025,"Telehandler Reach Forklift, 5,000 lbs., 16-20 ft.",{'Model Number': 'GTH-5519'},"{'Manufacturer': 'Genie', 'Max Capacity': '5,500 lbs.', 'Max Lift Height': '18\' 10""', 'Lift Cap Full Height': '4,400 lbs.', 'Max Forward Reach': '11\' 3""', 'Max Forward Lift': '1,900 lbs.', 'Frame Leveling': 'N/A', 'Engine (Diesel)': '74 hp', 'Outside Turn Radius': ""11'"", 'Operating Weight': '10,360 lbs.'}"
https://www.unitedrentals.com/marketplace/equipment/forklifts/reach-forklifts/telehandler-reach-forklift-50-ft-56-ft-10000-lbs,233-1650,"Telehandler Reach Forklift, 50 ft.-56 ft., 10,000 lbs.",{'Model Number': '1055'},"{'Manufacturer': 'JLG', 'Max Capacity': '10,000 lbs.', 'Max Lift Height': ""55'"", 'Lift Cap Full Height': '5,000 lbs.', 'Max Forward Reach': ""42'"", 'Max Forward Lift': '3,000 lbs.', 'Frame Leveling': '10 deg. L/R', 'Engine (Diesel)': '130 hp', 'Outside Turn Radius': ""14'"", 'Operating Weight': '31,559 lbs.'}"
https://www.unitedrentals.com/marketplace/equipment/forklifts/warehouse-forklifts/warehouse-forklift-gas-powered-5000-lbs,231-1200,"Warehouse Forklift, Gas Powered, 5,000 lbs.",{'Model Number': '8FGU25'},"{'Manufacturer': 'Toyota', 'Power Type': 'Gas/LP', 'Load Capacity': '5,000 lbs.', 'Maximum Fork Height (MFH)': '189""', 'Free Lift (with Std. LBR)': '36.4""', 'Overall Width': '45.3""', 'Mast Lowered Height': '84.5""', 'Mast Extended Height*': '236.6""', 'Overhead Guard Height': '83.1""'}"
https://www.unitedrentals.com/marketplace/equipment/forklifts/warehouse-forklifts/warehouse-forklift-gaslp-powered-3-ton,231-1250,"Warehouse Forklift, Gas/LP Powered, 3 Ton",{'Model Number': '8FGU30'},"{'Manufacturer': 'Toyota', 'Power Type': 'Gas/LP', 'Load Capacity': '6,000 lbs.', 'Maximum Fork Height (MFH)': '187""', 'Free Lift (with Std. LBR)': '41.2""', 'Overall Width': '48.8""', 'Mast Lowered Height': '89.2""', 'Mast Extended Height*': '235""', 'Overhead Guard Height': '85.5""'}"
https://www.unitedrentals.com/marketplace/equipment/forklifts/warehouse-forklifts/warehouse-forklift-gaslp-powered-5000-lbs,231-1205,"Warehouse Forklift, Gas/LP Powered, 5,000 lbs.",{'Model Number': '8FG25U'},"{'Manufacturer': 'Toyota', 'Power Type': 'Gas/LP', 'Load Capacity': '5,000 lbs.', 'Maximum Fork Height (MFH)': '171""', 'Free Lift (with Std. LBR)': '30.5""', 'Overall Width': '45.3""', 'Mast Lowered Height': '78.5""', 'Mast Extended Height*': '218.5""', 'Overhead Guard Height': '83.1""'}"
https://www.unitedrentals.com/marketplace/equipment/forklifts-material-handling/warehouse-forklifts/warehouse-forklift-gaslp-powered-quadmast-3-ton,231-1220,"Warehouse Forklift, Gas/LP Powered, Quadmast, 3 Ton",{'Model Number': '8FGU30 Quad Mast'},"{'Manufacturer': 'Toyota', 'Power Type': 'Gas/LP', 'Load Capacity': '6,000 lbs.', 'Maximum Fork Height (MFH)': '240""', 'Free Lift (with Std. LBR)': '35""', 'Overall Width': '48.8""', 'Mast Lowered Height': '84.8""', 'Mast Extended Height*': '289.4""', 'Overhead Guard Height': '85.5""'}"
https://www.unitedrentals.com/marketplace/equipment/light-towers-generators/towable-light-towers/small-towable-light-tower-6kw-generator-4200w-vertical-mast-diesel,320-4001,"Small Towable Light Tower with 6kW Generator, 4,200W, Vertical Mast, Diesel",{'Model Number': 'MLT6SM'},"{'Manufacturer': 'Generac Mobile Products', 'Engine/Tier': 'Diesel/T4', 'Prime Horsepower': '10.5 hp @ 1,800 rpm', 'Power': '6 kW', 'Max. Run Hours (lights only)': '93', 'Fuel Tank Capacity': '39.9 gal.', 'Mast Height Deployed Horizontal / Vertical': '23""', 'Light Fixtures (4)': '1,050W MH', 'Total Lumens': '462,000', 'Dimensions Stowed Horizontal / Vertical': '118"" x 57"" x 101""'}"
https://www.unitedrentals.com/marketplace/equipment/light-towers-generators/towable-light-towers/towable-light-tower-6kw-generator-4200w-vertical-mast-diesel,320-4000,"Towable Light Tower with 6kW Generator, 4,200W, Vertical Mast, Diesel",{'Model Number': 'MLT3060M'},"{'Manufacturer': 'Generac Mobile Products', 'Engine/Tier': 'Diesel/T4', 'Prime Horsepower': '10.5 hp @ 1,800 rpm', 'Power': '6 kW', 'Max. Run Hours (lights only)': '140', 'Fuel Tank Capacity': '33.6 gal.', 'Mast Height Deployed Horizontal': '30""', 'Mast Height Deployed Vertical': '25""', 'Light Fixtures (4)': '1,050W MH', 'Total Lumens': '462,000', 'Dimensions Stowed Horizontal': '170"" x 49"" x 68""', 'Dimensions Stowed Vertical': '117"" x 58"" x 11""'}"
https://www.unitedrentals.com/marketplace/equipment/material-handling/material-lifts/material-lift-400-650-lbs-16-18-ft-manual,330-9719,"Material Lift, 400-650 lbs., 16-18 ft., Manual",{'Model Number': '2118'},"{'Manufacturer': 'Sumner', 'Load Capacity (14"")': '650 lbs.', 'Load Capacity (24"")': '450 lbs.', 'Working Height': ""18'"", 'Width': '31.25""', 'Stabilizer Width': '74""', 'Weight': '327 lbs.'}"

https://www.unitedrentals.com/marketplace/equipment/material-handling/material-lifts/material-lift-400-650-lbs-16-18-ft-manual,330-9719,"Material Lift, 400-650 lbs., 16-18 ft., Manual",{'Model Number': '2118'},"{'Manufacturer': 'Sumner', 'Load Capacity (14"")': '650 lbs.', 'Load Capacity (24"")': '450 lbs.', 'Working Height': ""18'"", 'Width': '31.25""', 'Stabilizer Width': '74""', 'Weight': '327 lbs.'}"

